Capacity,NumElements,Time(ns)
175,30,608041,1103.5185185185185
150,25,144584,785.0
125,20,32875,550.566037735849
100,15,18542,282.9298245614035
100,10,13375,211.0
25,5,8041,46.46153846153846